date,repository_id,repository,category,include_in_rollups,clones_total,clones_unique,views_total,views_unique
2026-08-21,adapter-template,FAROTECH/orbitfabric-adapter-template,ecosystem,False,0,0,0,0
2026-08-21,core,FAROTECH/orbitfabric,core,True,0,0,0,0
2026-08-21,fprime-adapter,FAROTECH/orbitfabric-fprime-adapter,adapter,True,0,0,0,0
2026-08-21,openc3-cosmos-adapter,FAROTECH/orbitfabric-openc3-cosmos-adapter,adapter,True,0,0,0,0
2026-08-21,openobsw-opensvf-adapter,FAROTECH/orbitfabric-openobsw-opensvf-adapter,adapter,True,0,0,0,0
2026-08-21,reference-mission,FAROTECH/orbitfabric-reference-mission,product,True,0,0,0,0
2026-08-21,studio,FAROTECH/orbitfabric-studio,product,True,0,0,0,0
2026-08-22,adapter-catalog,FAROTECH/orbitfabric-adapter-catalog,ecosystem,False,0,0,0,0
2026-08-22,adapter-template,FAROTECH/orbitfabric-adapter-template,ecosystem,False,0,0,0,0
2026-08-22,core,FAROTECH/orbitfabric,core,True,80,1,0,0
2026-08-22,fprime-adapter,FAROTECH/orbitfabric-fprime-adapter,adapter,True,0,0,0,0
2026-08-22,github-release-source,FAROTECH/orbitfabric-github-release-source,infrastructure,False,0,0,0,0
2026-08-22,openc3-cosmos-adapter,FAROTECH/orbitfabric-openc3-cosmos-adapter,adapter,True,0,0,0,0
2026-08-22,openobsw-opensvf-adapter,FAROTECH/orbitfabric-openobsw-opensvf-adapter,adapter,True,0,0,0,0
2026-08-22,reference-mission,FAROTECH/orbitfabric-reference-mission,product,True,0,0,0,0
2026-08-22,studio,FAROTECH/orbitfabric-studio,product,True,243,1,0,0
2026-08-23,adapter-catalog,FAROTECH/orbitfabric-adapter-catalog,ecosystem,False,0,0,0,0
2026-08-23,adapter-template,FAROTECH/orbitfabric-adapter-template,ecosystem,False,0,0,0,0
2026-08-23,core,FAROTECH/orbitfabric,core,True,24,1,3,1
2026-08-23,fprime-adapter,FAROTECH/orbitfabric-fprime-adapter,adapter,True,0,0,0,0
2026-08-23,github-release-source,FAROTECH/orbitfabric-github-release-source,infrastructure,False,0,0,0,0
2026-08-23,openc3-cosmos-adapter,FAROTECH/orbitfabric-openc3-cosmos-adapter,adapter,True,0,0,0,0
2026-08-23,openobsw-opensvf-adapter,FAROTECH/orbitfabric-openobsw-opensvf-adapter,adapter,True,0,0,0,0
2026-08-23,reference-mission,FAROTECH/orbitfabric-reference-mission,product,True,0,0,0,0
2026-08-23,studio,FAROTECH/orbitfabric-studio,product,True,81,1,0,0
2026-08-24,adapter-catalog,FAROTECH/orbitfabric-adapter-catalog,ecosystem,False,0,0,0,0
2026-08-24,adapter-template,FAROTECH/orbitfabric-adapter-template,ecosystem,False,0,0,0,0
2026-08-24,core,FAROTECH/orbitfabric,core,True,33,2,0,0
2026-08-24,fprime-adapter,FAROTECH/orbitfabric-fprime-adapter,adapter,True,0,0,0,0
2026-08-24,github-release-source,FAROTECH/orbitfabric-github-release-source,infrastructure,False,0,0,0,0
2026-08-24,openc3-cosmos-adapter,FAROTECH/orbitfabric-openc3-cosmos-adapter,adapter,True,0,0,0,0
2026-08-24,openobsw-opensvf-adapter,FAROTECH/orbitfabric-openobsw-opensvf-adapter,adapter,True,0,0,0,0
2026-08-24,reference-mission,FAROTECH/orbitfabric-reference-mission,product,True,0,0,0,0
2026-08-24,studio,FAROTECH/orbitfabric-studio,product,True,100,7,17,1
2026-08-25,adapter-catalog,FAROTECH/orbitfabric-adapter-catalog,ecosystem,False,0,0,0,0
2026-08-25,adapter-template,FAROTECH/orbitfabric-adapter-template,ecosystem,False,0,0,0,0
2026-08-25,core,FAROTECH/orbitfabric,core,True,3,2,0,0
2026-08-25,eds-cfs-adapter,FAROTECH/orbitfabric-eds-cfs-adapter,adapter,False,0,0,0,0
2026-08-25,fprime-adapter,FAROTECH/orbitfabric-fprime-adapter,adapter,True,0,0,0,0
2026-08-25,github-release-source,FAROTECH/orbitfabric-github-release-source,infrastructure,False,0,0,0,0
2026-08-25,openc3-cosmos-adapter,FAROTECH/orbitfabric-openc3-cosmos-adapter,adapter,True,0,0,0,0
2026-08-25,openobsw-opensvf-adapter,FAROTECH/orbitfabric-openobsw-opensvf-adapter,adapter,True,0,0,0,0
2026-08-25,reference-mission,FAROTECH/orbitfabric-reference-mission,product,True,0,0,0,0
2026-08-25,studio,FAROTECH/orbitfabric-studio,product,True,41,11,0,0
2026-08-26,adapter-catalog,FAROTECH/orbitfabric-adapter-catalog,ecosystem,False,0,0,0,0
2026-08-26,adapter-template,FAROTECH/orbitfabric-adapter-template,ecosystem,False,0,0,0,0
2026-08-26,core,FAROTECH/orbitfabric,core,True,289,65,15,1
2026-08-26,eds-cfs-adapter,FAROTECH/orbitfabric-eds-cfs-adapter,adapter,False,0,0,0,0
2026-08-26,fprime-adapter,FAROTECH/orbitfabric-fprime-adapter,adapter,True,0,0,0,0
2026-08-26,github-release-source,FAROTECH/orbitfabric-github-release-source,infrastructure,False,0,0,0,0
2026-08-26,openc3-cosmos-adapter,FAROTECH/orbitfabric-openc3-cosmos-adapter,adapter,True,0,0,0,0
2026-08-26,openobsw-opensvf-adapter,FAROTECH/orbitfabric-openobsw-opensvf-adapter,adapter,True,0,0,0,0
2026-08-26,reference-mission,FAROTECH/orbitfabric-reference-mission,product,True,0,0,0,0
2026-08-26,studio,FAROTECH/orbitfabric-studio,product,True,159,37,24,1
2026-08-27,adapter-catalog,FAROTECH/orbitfabric-adapter-catalog,ecosystem,False,0,0,0,0
2026-08-27,adapter-template,FAROTECH/orbitfabric-adapter-template,ecosystem,False,0,0,0,0
2026-08-27,core,FAROTECH/orbitfabric,core,True,152,23,0,0
2026-08-27,eds-cfs-adapter,FAROTECH/orbitfabric-eds-cfs-adapter,adapter,False,0,0,0,0
2026-08-27,fprime-adapter,FAROTECH/orbitfabric-fprime-adapter,adapter,True,0,0,0,0
2026-08-27,github-release-source,FAROTECH/orbitfabric-github-release-source,infrastructure,False,0,0,0,0
2026-08-27,openc3-cosmos-adapter,FAROTECH/orbitfabric-openc3-cosmos-adapter,adapter,True,0,0,0,0
2026-08-27,openobsw-opensvf-adapter,FAROTECH/orbitfabric-openobsw-opensvf-adapter,adapter,True,0,0,0,0
2026-08-27,reference-mission,FAROTECH/orbitfabric-reference-mission,product,True,16,14,0,0
2026-08-27,studio,FAROTECH/orbitfabric-studio,product,True,261,78,0,0
2026-08-28,adapter-catalog,FAROTECH/orbitfabric-adapter-catalog,ecosystem,False,0,0,0,0
2026-08-28,adapter-template,FAROTECH/orbitfabric-adapter-template,ecosystem,False,0,0,0,0
2026-08-28,core,FAROTECH/orbitfabric,core,True,207,37,84,1
2026-08-28,eds-cfs-adapter,FAROTECH/orbitfabric-eds-cfs-adapter,adapter,False,0,0,0,0
2026-08-28,fprime-adapter,FAROTECH/orbitfabric-fprime-adapter,adapter,True,0,0,0,0
2026-08-28,github-release-source,FAROTECH/orbitfabric-github-release-source,infrastructure,False,0,0,0,0
2026-08-28,openc3-cosmos-adapter,FAROTECH/orbitfabric-openc3-cosmos-adapter,adapter,True,0,0,0,0
2026-08-28,openobsw-opensvf-adapter,FAROTECH/orbitfabric-openobsw-opensvf-adapter,adapter,True,0,0,0,0
2026-08-28,reference-mission,FAROTECH/orbitfabric-reference-mission,product,True,8,7,20,1
2026-08-28,studio,FAROTECH/orbitfabric-studio,product,True,104,42,46,1
2026-08-29,adapter-catalog,FAROTECH/orbitfabric-adapter-catalog,ecosystem,False,0,0,0,0
2026-08-29,adapter-template,FAROTECH/orbitfabric-adapter-template,ecosystem,False,0,0,0,0
2026-08-29,core,FAROTECH/orbitfabric,core,True,8,5,2,2
2026-08-29,eds-cfs-adapter,FAROTECH/orbitfabric-eds-cfs-adapter,adapter,False,0,0,0,0
2026-08-29,fprime-adapter,FAROTECH/orbitfabric-fprime-adapter,adapter,True,0,0,0,0
2026-08-29,github-release-source,FAROTECH/orbitfabric-github-release-source,infrastructure,False,0,0,0,0
2026-08-29,openc3-cosmos-adapter,FAROTECH/orbitfabric-openc3-cosmos-adapter,adapter,True,0,0,0,0
2026-08-29,openobsw-opensvf-adapter,FAROTECH/orbitfabric-openobsw-opensvf-adapter,adapter,True,0,0,0,0
2026-08-29,reference-mission,FAROTECH/orbitfabric-reference-mission,product,True,0,0,2,1
2026-08-29,studio,FAROTECH/orbitfabric-studio,product,True,19,11,0,0
2026-08-30,adapter-catalog,FAROTECH/orbitfabric-adapter-catalog,ecosystem,False,0,0,0,0
2026-08-30,adapter-template,FAROTECH/orbitfabric-adapter-template,ecosystem,False,0,0,0,0
2026-08-30,core,FAROTECH/orbitfabric,core,True,1,1,2,2
2026-08-30,eds-cfs-adapter,FAROTECH/orbitfabric-eds-cfs-adapter,adapter,False,0,0,0,0
2026-08-30,fprime-adapter,FAROTECH/orbitfabric-fprime-adapter,adapter,True,0,0,0,0
2026-08-30,github-release-source,FAROTECH/orbitfabric-github-release-source,infrastructure,False,0,0,0,0
2026-08-30,openc3-cosmos-adapter,FAROTECH/orbitfabric-openc3-cosmos-adapter,adapter,True,0,0,0,0
2026-08-30,openobsw-opensvf-adapter,FAROTECH/orbitfabric-openobsw-opensvf-adapter,adapter,True,0,0,0,0
2026-08-30,reference-mission,FAROTECH/orbitfabric-reference-mission,product,True,2,2,0,0
2026-08-30,studio,FAROTECH/orbitfabric-studio,product,True,1,1,6,1
2026-08-31,adapter-catalog,FAROTECH/orbitfabric-adapter-catalog,ecosystem,False,0,0,0,0
2026-08-31,adapter-template,FAROTECH/orbitfabric-adapter-template,ecosystem,False,0,0,0,0
2026-08-31,core,FAROTECH/orbitfabric,core,True,11,3,8,2
2026-08-31,eds-cfs-adapter,FAROTECH/orbitfabric-eds-cfs-adapter,adapter,False,0,0,0,0
2026-08-31,fprime-adapter,FAROTECH/orbitfabric-fprime-adapter,adapter,True,0,0,0,0
2026-08-31,github-release-source,FAROTECH/orbitfabric-github-release-source,infrastructure,False,0,0,0,0
2026-08-31,openc3-cosmos-adapter,FAROTECH/orbitfabric-openc3-cosmos-adapter,adapter,True,0,0,0,0
2026-08-31,openobsw-opensvf-adapter,FAROTECH/orbitfabric-openobsw-opensvf-adapter,adapter,True,0,0,0,0
2026-08-31,reference-mission,FAROTECH/orbitfabric-reference-mission,product,True,1,1,3,1
2026-08-31,studio,FAROTECH/orbitfabric-studio,product,True,6,5,4,1
2026-09-01,adapter-catalog,FAROTECH/orbitfabric-adapter-catalog,ecosystem,False,0,0,0,0
2026-09-01,adapter-template,FAROTECH/orbitfabric-adapter-template,ecosystem,False,0,0,0,0
2026-09-01,core,FAROTECH/orbitfabric,core,True,55,10,1,1
2026-09-01,eds-cfs-adapter,FAROTECH/orbitfabric-eds-cfs-adapter,adapter,False,0,0,0,0
2026-09-01,fprime-adapter,FAROTECH/orbitfabric-fprime-adapter,adapter,True,0,0,0,0
2026-09-01,github-release-source,FAROTECH/orbitfabric-github-release-source,infrastructure,False,0,0,0,0
2026-09-01,openc3-cosmos-adapter,FAROTECH/orbitfabric-openc3-cosmos-adapter,adapter,True,0,0,0,0
2026-09-01,openobsw-opensvf-adapter,FAROTECH/orbitfabric-openobsw-opensvf-adapter,adapter,True,0,0,0,0
2026-09-01,reference-mission,FAROTECH/orbitfabric-reference-mission,product,True,2,2,0,0
2026-09-01,studio,FAROTECH/orbitfabric-studio,product,True,50,8,0,0
2026-09-02,adapter-catalog,FAROTECH/orbitfabric-adapter-catalog,ecosystem,False,0,0,0,0
2026-09-02,adapter-template,FAROTECH/orbitfabric-adapter-template,ecosystem,False,10,3,0,0
2026-09-02,core,FAROTECH/orbitfabric,core,True,910,230,0,0
2026-09-02,eds-cfs-adapter,FAROTECH/orbitfabric-eds-cfs-adapter,adapter,False,0,0,0,0
2026-09-02,fprime-adapter,FAROTECH/orbitfabric-fprime-adapter,adapter,True,0,0,0,0
2026-09-02,github-release-source,FAROTECH/orbitfabric-github-release-source,infrastructure,False,0,0,0,0
2026-09-02,openc3-cosmos-adapter,FAROTECH/orbitfabric-openc3-cosmos-adapter,adapter,True,0,0,0,0
2026-09-02,openobsw-opensvf-adapter,FAROTECH/orbitfabric-openobsw-opensvf-adapter,adapter,True,142,2,0,0
2026-09-02,reference-mission,FAROTECH/orbitfabric-reference-mission,product,True,0,0,0,0
2026-09-02,studio,FAROTECH/orbitfabric-studio,product,True,71,11,0,0
2026-09-03,adapter-catalog,FAROTECH/orbitfabric-adapter-catalog,ecosystem,False,0,0,0,0
2026-09-03,adapter-template,FAROTECH/orbitfabric-adapter-template,ecosystem,False,21,7,0,0
2026-09-03,core,FAROTECH/orbitfabric,core,True,1618,535,0,0
2026-09-03,eds-cfs-adapter,FAROTECH/orbitfabric-eds-cfs-adapter,adapter,False,0,0,0,0
2026-09-03,fprime-adapter,FAROTECH/orbitfabric-fprime-adapter,adapter,True,137,1,0,0
2026-09-03,github-release-source,FAROTECH/orbitfabric-github-release-source,infrastructure,False,0,0,0,0
2026-09-03,openc3-cosmos-adapter,FAROTECH/orbitfabric-openc3-cosmos-adapter,adapter,True,142,12,0,0
2026-09-03,openobsw-opensvf-adapter,FAROTECH/orbitfabric-openobsw-opensvf-adapter,adapter,True,437,43,0,0
2026-09-03,reference-mission,FAROTECH/orbitfabric-reference-mission,product,True,0,0,0,0
2026-09-03,studio,FAROTECH/orbitfabric-studio,product,True,4,2,0,0
2026-09-04,adapter-catalog,FAROTECH/orbitfabric-adapter-catalog,ecosystem,False,45,11,5,1
2026-09-04,adapter-template,FAROTECH/orbitfabric-adapter-template,ecosystem,False,1,1,10,1
2026-09-04,core,FAROTECH/orbitfabric,core,True,1305,456,24,2
2026-09-04,eds-cfs-adapter,FAROTECH/orbitfabric-eds-cfs-adapter,adapter,False,0,0,0,0
2026-09-04,fprime-adapter,FAROTECH/orbitfabric-fprime-adapter,adapter,True,242,18,42,2
2026-09-04,github-release-source,FAROTECH/orbitfabric-github-release-source,infrastructure,False,89,23,6,1
2026-09-04,openc3-cosmos-adapter,FAROTECH/orbitfabric-openc3-cosmos-adapter,adapter,True,2,2,9,1
2026-09-04,openobsw-opensvf-adapter,FAROTECH/orbitfabric-openobsw-opensvf-adapter,adapter,True,18,10,16,3
2026-09-04,reference-mission,FAROTECH/orbitfabric-reference-mission,product,True,1,1,7,1
2026-09-04,studio,FAROTECH/orbitfabric-studio,product,True,2,2,8,1
2026-09-05,adapter-catalog,FAROTECH/orbitfabric-adapter-catalog,ecosystem,False,5,5,0,0
2026-09-05,adapter-template,FAROTECH/orbitfabric-adapter-template,ecosystem,False,0,0,0,0
2026-09-05,core,FAROTECH/orbitfabric,core,True,509,251,20,1
2026-09-05,eds-cfs-adapter,FAROTECH/orbitfabric-eds-cfs-adapter,adapter,False,269,1,0,0
2026-09-05,fprime-adapter,FAROTECH/orbitfabric-fprime-adapter,adapter,True,3,3,0,0
2026-09-05,github-release-source,FAROTECH/orbitfabric-github-release-source,infrastructure,False,6,6,0,0
2026-09-05,openc3-cosmos-adapter,FAROTECH/orbitfabric-openc3-cosmos-adapter,adapter,True,1,1,0,0
2026-09-05,openobsw-opensvf-adapter,FAROTECH/orbitfabric-openobsw-opensvf-adapter,adapter,True,16,10,0,0
2026-09-05,reference-mission,FAROTECH/orbitfabric-reference-mission,product,True,1,1,0,0
2026-09-05,studio,FAROTECH/orbitfabric-studio,product,True,1,1,0,0
2026-09-06,adapter-catalog,FAROTECH/orbitfabric-adapter-catalog,ecosystem,False,0,0,0,0
2026-09-06,adapter-template,FAROTECH/orbitfabric-adapter-template,ecosystem,False,2,2,0,0
2026-09-06,core,FAROTECH/orbitfabric,core,True,713,300,1,1
2026-09-06,eds-cfs-adapter,FAROTECH/orbitfabric-eds-cfs-adapter,adapter,False,656,68,0,0
2026-09-06,fprime-adapter,FAROTECH/orbitfabric-fprime-adapter,adapter,True,85,17,0,0
2026-09-06,github-release-source,FAROTECH/orbitfabric-github-release-source,infrastructure,False,1,1,0,0
2026-09-06,openc3-cosmos-adapter,FAROTECH/orbitfabric-openc3-cosmos-adapter,adapter,True,52,3,0,0
2026-09-06,openobsw-opensvf-adapter,FAROTECH/orbitfabric-openobsw-opensvf-adapter,adapter,True,2,2,0,0
2026-09-06,reference-mission,FAROTECH/orbitfabric-reference-mission,product,True,200,46,0,0
2026-09-06,studio,FAROTECH/orbitfabric-studio,product,True,1,1,0,0
2026-09-07,adapter-catalog,FAROTECH/orbitfabric-adapter-catalog,ecosystem,False,68,24,0,0
2026-09-07,adapter-template,FAROTECH/orbitfabric-adapter-template,ecosystem,False,0,0,0,0
2026-09-07,core,FAROTECH/orbitfabric,core,True,508,191,4,1
2026-09-07,eds-cfs-adapter,FAROTECH/orbitfabric-eds-cfs-adapter,adapter,False,464,80,27,1
2026-09-07,fprime-adapter,FAROTECH/orbitfabric-fprime-adapter,adapter,True,45,4,2,1
2026-09-07,github-release-source,FAROTECH/orbitfabric-github-release-source,infrastructure,False,78,29,0,0
2026-09-07,openc3-cosmos-adapter,FAROTECH/orbitfabric-openc3-cosmos-adapter,adapter,True,39,2,0,0
2026-09-07,openobsw-opensvf-adapter,FAROTECH/orbitfabric-openobsw-opensvf-adapter,adapter,True,3,3,0,0
2026-09-07,reference-mission,FAROTECH/orbitfabric-reference-mission,product,True,179,40,52,1
2026-09-07,studio,FAROTECH/orbitfabric-studio,product,True,6,6,0,0
2026-09-08,adapter-catalog,FAROTECH/orbitfabric-adapter-catalog,ecosystem,False,2,2,0,0
2026-09-08,adapter-template,FAROTECH/orbitfabric-adapter-template,ecosystem,False,0,0,1,1
2026-09-08,core,FAROTECH/orbitfabric,core,True,315,43,10,2
2026-09-08,eds-cfs-adapter,FAROTECH/orbitfabric-eds-cfs-adapter,adapter,False,114,54,3,1
2026-09-08,fprime-adapter,FAROTECH/orbitfabric-fprime-adapter,adapter,True,2,1,1,1
2026-09-08,github-release-source,FAROTECH/orbitfabric-github-release-source,infrastructure,False,7,4,0,0
2026-09-08,openc3-cosmos-adapter,FAROTECH/orbitfabric-openc3-cosmos-adapter,adapter,True,24,6,1,1
2026-09-08,openobsw-opensvf-adapter,FAROTECH/orbitfabric-openobsw-opensvf-adapter,adapter,True,41,15,0,0
2026-09-08,reference-mission,FAROTECH/orbitfabric-reference-mission,product,True,55,21,1,1
2026-09-08,studio,FAROTECH/orbitfabric-studio,product,True,283,61,5,2
